[{
    "pid": 1,
    "pname": "Juice - Mix",
    "price": 100,
    "image": "https://rukminim1.flixcart.com/image/832/832/jve4pe80/drinks-juice/2/e/a/2-fruit-juice-litchi-tetrapack-real-original-imafgawkszh3uwmt.jpeg?q=70"
  },
  {
    "pid": 2,
    "pname": "Juice - Mango",
    "price": 100,
    "image": "https://rukminim1.flixcart.com/image/832/832/jve4pe80/drinks-juice/2/e/a/2-fruit-juice-litchi-tetrapack-real-original-imafgawkszh3uwmt.jpeg?q=70"
  },
  {
    "pid": 3,
    "pname": "Juice - Apple",
    "price": 100,
    "image": "https://rukminim1.flixcart.com/image/832/832/jve4pe80/drinks-juice/2/e/a/2-fruit-juice-litchi-tetrapack-real-original-imafgawkszh3uwmt.jpeg?q=70"
  },
  {
    "pid": 4,
    "pname": "Juice - Orange",
    "price": 100,
    "image": "https://rukminim1.flixcart.com/image/832/832/jve4pe80/drinks-juice/2/e/a/2-fruit-juice-litchi-tetrapack-real-original-imafgawkszh3uwmt.jpeg?q=70"
  },
  {
    "pid": 1,
    "pname": "Juice - Litchi",
    "price": 100,
    "image": "https://rukminim1.flixcart.com/image/832/832/jve4pe80/drinks-juice/2/e/a/2-fruit-juice-litchi-tetrapack-real-original-imafgawkszh3uwmt.jpeg?q=70"
  },
  {
    "pid": 1,
    "pname": "Juice - Guava",
    "price": 100,
    "image": "https://rukminim1.flixcart.com/image/832/832/jve4pe80/drinks-juice/2/e/a/2-fruit-juice-litchi-tetrapack-real-original-imafgawkszh3uwmt.jpeg?q=70"
  }
]