[
  {
    "code": "AP",
    "state": "Andhra Pradesh",
    "districts": [
      "Anantapur",
      "Chittoor",
      "East Godavari",
      "Guntur",
      "Krishna",
      "Kurnool",
      "Nellore",
      "Prakasam",
      "Srikakulam",
      "Visakhapatnam",
      "Vizianagaram",
      "West Godavari",
      "YSR Kadapa"
    ]
  },
  {
    "code": "AR",
    "state": "Arunachal Pradesh",
    "districts": [
      "Tawang",
      "West Kameng",
      "East Kameng",
      "Papum Pare",
      "Kurung Kumey",
      "Kra Daadi",
      "Lower Subansiri",
      "Upper Subansiri",
      "West Siang",
      "East Siang",
      "Siang",
      "Upper Siang",
      "Lower Siang",
      "Lower Dibang Valley",
      "Dibang Valley",
      "Anjaw",
      "Lohit",
      "Namsai",
      "Changlang",
      "Tirap",
      "Longding"
    ]
  },
  {
    "code": "AS",
    "state": "Assam",
    "districts": [
      "Baksa",
      "Barpeta",
      "Biswanath",
      "Bongaigaon",
      "Cachar",
      "Charaideo",
      "Chirang",
      "Darrang",
      "Dhemaji",
      "Dhubri",
      "Dibrugarh",
      "Goalpara",
      "Golaghat",
      "Hailakandi",
      "Hojai",
      "Jorhat",
      "Kamrup Metropolitan",
      "Kamrup",
      "Karbi Anglong",
      "Karimganj",
      "Kokrajhar",
      "Lakhimpur",
      "Majuli",
      "Morigaon",
      "Nagaon",
      "Nalbari",
      "Dima Hasao",
      "Sivasagar",
      "Sonitpur",
      "South Salmara-Mankachar",
      "Tinsukia",
      "Udalguri",
      "West Karbi Anglong"
    ]
  },
  {
    "code": "BR",
    "state": "Bihar",
    "districts": [
      "Araria",
      "Arwal",
      "Aurangabad",
      "Banka",
      "Begusarai",
      "Bhagalpur",
      "Bhojpur",
      "Buxar",
      "Darbhanga",
      "East Champaran (Motihari)",
      "Gaya",
      "Gopalganj",
      "Jamui",
      "Jehanabad",
      "Kaimur (Bhabua)",
      "Katihar",
      "Khagaria",
      "Kishanganj",
      "Lakhisarai",
      "Madhepura",
      "Madhubani",
      "Munger (Monghyr)",
      "Muzaffarpur",
      "Nalanda",
      "Nawada",
      "Patna",
      "Purnia (Purnea)",
      "Rohtas",
      "Saharsa",
      "Samastipur",
      "Saran",
      "Sheikhpura",
      "Sheohar",
      "Sitamarhi",
      "Siwan",
      "Supaul",
      "Vaishali",
      "West Champaran"
    ]
  },
  {
    "code": "CG",
    "state": "Chandigarh (UT)",
    "districts": [
      "Chandigarh"
    ]
  },
  {
    "code": "CH",
    "state": "Chhattisgarh",
    "districts": [
      "Balod",
      "Baloda Bazar",
      "Balrampur",
      "Bastar",
      "Bemetara",
      "Bijapur",
      "Bilaspur",
      "Dantewada (South Bastar)",
      "Dhamtari",
      "Durg",
      "Gariyaband",
      "Janjgir-Champa",
      "Jashpur",
      "Kabirdham (Kawardha)",
      "Kanker (North Bastar)",
      "Kondagaon",
      "Korba",
      "Korea (Koriya)",
      "Mahasamund",
      "Mungeli",
      "Narayanpur",
      "Raigarh",
      "Raipur",
      "Rajnandgaon",
      "Sukma",
      "Surajpur  ",
      "Surguja"
    ]
  },
  {
    "code": "DH",
    "state": "Dadra and Nagar Haveli (UT)",
    "districts": [
      "Dadra & Nagar Haveli"
    ]
  },
  {
    "code": "DD",
    "state": "Daman and Diu (UT)",
    "districts": [
      "Daman",
      "Diu"
    ]
  },
  {
    "code": "DL",
    "state": "Delhi (NCT)",
    "districts": [
      "Central Delhi",
      "East Delhi",
      "New Delhi",
      "North Delhi",
      "North East  Delhi",
      "North West  Delhi",
      "Shahdara",
      "South Delhi",
      "South East Delhi",
      "South West  Delhi",
      "West Delhi"
    ]
  },
  {
    "code": "GA",
    "state": "Goa",
    "districts": [
      "North Goa",
      "South Goa"
    ]
  },
  {
    "code": "GJ",
    "state": "Gujarat",
    "districts": [
      "Ahmedabad",
      "Amreli",
      "Anand",
      "Aravalli",
      "Banaskantha (Palanpur)",
      "Bharuch",
      "Bhavnagar",
      "Botad",
      "Chhota Udepur",
      "Dahod",
      "Dangs (Ahwa)",
      "Devbhoomi Dwarka",
      "Gandhinagar",
      "Gir Somnath",
      "Jamnagar",
      "Junagadh",
      "Kachchh",
      "Kheda (Nadiad)",
      "Mahisagar",
      "Mehsana",
      "Morbi",
      "Narmada (Rajpipla)",
      "Navsari",
      "Panchmahal (Godhra)",
      "Patan",
      "Porbandar",
      "Rajkot",
      "Sabarkantha (Himmatnagar)",
      "Surat",
      "Surendranagar",
      "Tapi (Vyara)",
      "Vadodara",
      "Valsad"
    ]
  },
  {
    "code": "HR",
    "state": "Haryana",
    "districts": [
      "Ambala",
      "Bhiwani",
      "Charkhi Dadri",
      "Faridabad",
      "Fatehabad",
      "Gurgaon",
      "Hisar",
      "Jhajjar",
      "Jind",
      "Kaithal",
      "Karnal",
      "Kurukshetra",
      "Mahendragarh",
      "Mewat",
      "Palwal",
      "Panchkula",
      "Panipat",
      "Rewari",
      "Rohtak",
      "Sirsa",
      "Sonipat",
      "Yamunanagar"
    ]
  },
  {
    "code": "HP",
    "state": "Himachal Pradesh",
    "districts": [
      "Bilaspur",
      "Chamba",
      "Hamirpur",
      "Kangra",
      "Kinnaur",
      "Kullu",
      "Lahaul &amp; Spiti",
      "Mandi",
      "Shimla",
      "Sirmaur (Sirmour)",
      "Solan",
      "Una"
    ]
  },
  {
    "code": "JK",
    "state": "Jammu and Kashmir",
    "districts": [
      "Anantnag",
      "Bandipore",
      "Baramulla",
      "Budgam",
      "Doda",
      "Ganderbal",
      "Jammu",
      "Kargil",
      "Kathua",
      "Kishtwar",
      "Kulgam",
      "Kupwara",
      "Leh",
      "Poonch",
      "Pulwama",
      "Rajouri",
      "Ramban",
      "Reasi",
      "Samba",
      "Shopian",
      "Srinagar",
      "Udhampur"
    ]
  },
  {
    "code": "JH",
    "state": "Jharkhand",
    "districts": [
      "Bokaro",
      "Chatra",
      "Deoghar",
      "Dhanbad",
      "Dumka",
      "East Singhbhum",
      "Garhwa",
      "Giridih",
      "Godda",
      "Gumla",
      "Hazaribag",
      "Jamtara",
      "Khunti",
      "Koderma",
      "Latehar",
      "Lohardaga",
      "Pakur",
      "Palamu",
      "Ramgarh",
      "Ranchi",
      "Sahibganj",
      "Seraikela-Kharsawan",
      "Simdega",
      "West Singhbhum"
    ]
  },
  {
    "code": "KA",
    "state": "Karnataka",
    "districts": [
      "Bagalkot",
      "Ballari (Bellary)",
      "Belagavi (Belgaum)",
      "Bengaluru (Bangalore) Rural",
      "Bengaluru (Bangalore) Urban",
      "Bidar",
      "Chamarajanagar",
      "Chikballapur",
      "Chikkamagaluru (Chikmagalur)",
      "Chitradurga",
      "Dakshina Kannada",
      "Davangere",
      "Dharwad",
      "Gadag",
      "Hassan",
      "Haveri",
      "Kalaburagi (Gulbarga)",
      "Kodagu",
      "Kolar",
      "Koppal",
      "Mandya",
      "Mysuru (Mysore)",
      "Raichur",
      "Ramanagara",
      "Shivamogga (Shimoga)",
      "Tumakuru (Tumkur)",
      "Udupi",
      "Uttara Kannada (Karwar)",
      "Vijayapura (Bijapur)",
      "Yadgir"
    ]
  },
  {
    "code": "KL",
    "state": "Kerala",
    "districts": [
      "Alappuzha",
      "Ernakulam",
      "Idukki",
      "Kannur",
      "Kasaragod",
      "Kollam",
      "Kottayam",
      "Kozhikode",
      "Malappuram",
      "Palakkad",
      "Pathanamthitta",
      "Thiruvananthapuram",
      "Thrissur",
      "Wayanad"
    ]
  },
  {
    "code": "LD",
    "state": "Lakshadweep (UT)",
    "districts": [
      "Agatti",
      "Amini",
      "Androth",
      "Bithra",
      "Chethlath",
      "Kavaratti",
      "Kadmath",
      "Kalpeni",
      "Kilthan",
      "Minicoy"
    ]
  },
  {
    "code": "MP",
    "state": "Madhya Pradesh",
    "districts": [
      "Agar Malwa",
      "Alirajpur",
      "Anuppur",
      "Ashoknagar",
      "Balaghat",
      "Barwani",
      "Betul",
      "Bhind",
      "Bhopal",
      "Burhanpur",
      "Chhatarpur",
      "Chhindwara",
      "Damoh",
      "Datia",
      "Dewas",
      "Dhar",
      "Dindori",
      "Guna",
      "Gwalior",
      "Harda",
      "Hoshangabad",
      "Indore",
      "Jabalpur",
      "Jhabua",
      "Katni",
      "Khandwa",
      "Khargone",
      "Mandla",
      "Mandsaur",
      "Morena",
      "Narsinghpur",
      "Neemuch",
      "Panna",
      "Raisen",
      "Rajgarh",
      "Ratlam",
      "Rewa",
      "Sagar",
      "Satna",
      "Sehore",
      "Seoni",
      "Shahdol",
      "Shajapur",
      "Sheopur",
      "Shivpuri",
      "Sidhi",
      "Singrauli",
      "Tikamgarh",
      "Ujjain",
      "Umaria",
      "Vidisha"
    ]
  },
  {
    "code": "MH",
    "state": "Maharashtra",
    "districts": [
      "Ahmednagar",
      "Akola",
      "Amravati",
      "Aurangabad",
      "Beed",
      "Bhandara",
      "Buldhana",
      "Chandrapur",
      "Dhule",
      "Gadchiroli",
      "Gondia",
      "Hingoli",
      "Jalgaon",
      "Jalna",
      "Kolhapur",
      "Latur",
      "Mumbai City",
      "Mumbai Suburban",
      "Nagpur",
      "Nanded",
      "Nandurbar",
      "Nashik",
      "Osmanabad",
      "Palghar",
      "Parbhani",
      "Pune",
      "Raigad",
      "Ratnagiri",
      "Sangli",
      "Satara",
      "Sindhudurg",
      "Solapur",
      "Thane",
      "Wardha",
      "Washim",
      "Yavatmal"
    ]
  },
  {
    "code": "MN",
    "state": "Manipur",
    "districts": [
      "Bishnupur",
      "Chandel",
      "Churachandpur",
      "Imphal East",
      "Imphal West",
      "Jiribam",
      "Kakching",
      "Kamjong",
      "Kangpokpi",
      "Noney",
      "Pherzawl",
      "Senapati",
      "Tamenglong",
      "Tengnoupal",
      "Thoubal",
      "Ukhrul"
    ]
  },
  {
    "code": "ML",
    "state": "Meghalaya",
    "districts": [
      "East Garo Hills",
      "East Jaintia Hills",
      "East Khasi Hills",
      "North Garo Hills",
      "Ri Bhoi",
      "South Garo Hills",
      "South West Garo Hills ",
      "South West Khasi Hills",
      "West Garo Hills",
      "West Jaintia Hills",
      "West Khasi Hills"
    ]
  },
  {
    "code": "MZ",
    "state": "Mizoram",
    "districts": [
      "Aizawl",
      "Champhai",
      "Kolasib",
      "Lawngtlai",
      "Lunglei",
      "Mamit",
      "Saiha",
      "Serchhip"
    ]
  },
  {
    "code": "NL",
    "state": "Nagaland",
    "districts": [
      "Dimapur",
      "Kiphire",
      "Kohima",
      "Longleng",
      "Mokokchung",
      "Mon",
      "Peren",
      "Phek",
      "Tuensang",
      "Wokha",
      "Zunheboto"
    ]
  },
  {
    "code": "OR",
    "state": "Odisha",
    "districts": [
      "Angul",
      "Balangir",
      "Balasore",
      "Bargarh",
      "Bhadrak",
      "Boudh",
      "Cuttack",
      "Deogarh",
      "Dhenkanal",
      "Gajapati",
      "Ganjam",
      "Jagatsinghapur",
      "Jajpur",
      "Jharsuguda",
      "Kalahandi",
      "Kandhamal",
      "Kendrapara",
      "Kendujhar (Keonjhar)",
      "Khordha",
      "Koraput",
      "Malkangiri",
      "Mayurbhanj",
      "Nabarangpur",
      "Nayagarh",
      "Nuapada",
      "Puri",
      "Rayagada",
      "Sambalpur",
      "Sonepur",
      "Sundargarh"
    ]
  },
  {
    "code": "PY",
    "state": "Puducherry (UT)",
    "districts": [
      "Karaikal",
      "Mahe",
      "Pondicherry",
      "Yanam"
    ]
  },
  {
    "code": "PB",
    "state": "Punjab",
    "districts": [
      "Amritsar",
      "Barnala",
      "Bathinda",
      "Faridkot",
      "Fatehgarh Sahib",
      "Fazilka",
      "Ferozepur",
      "Gurdaspur",
      "Hoshiarpur",
      "Jalandhar",
      "Kapurthala",
      "Ludhiana",
      "Mansa",
      "Moga",
      "Muktsar",
      "Nawanshahr (Shahid Bhagat Singh Nagar)",
      "Pathankot",
      "Patiala",
      "Rupnagar",
      "Sahibzada Ajit Singh Nagar (Mohali)",
      "Sangrur",
      "Tarn Taran"
    ]
  },
  {
    "code": "RJ",
    "state": "Rajasthan",
    "districts": [
      "Ajmer",
      "Alwar",
      "Banswara",
      "Baran",
      "Barmer",
      "Bharatpur",
      "Bhilwara",
      "Bikaner",
      "Bundi",
      "Chittorgarh",
      "Churu",
      "Dausa",
      "Dholpur",
      "Dungarpur",
      "Hanumangarh",
      "Jaipur",
      "Jaisalmer",
      "Jalore",
      "Jhalawar",
      "Jhunjhunu",
      "Jodhpur",
      "Karauli",
      "Kota",
      "Nagaur",
      "Pali",
      "Pratapgarh",
      "Rajsamand",
      "Sawai Madhopur",
      "Sikar",
      "Sirohi",
      "Sri Ganganagar",
      "Tonk",
      "Udaipur"
    ]
  },
  {
    "code": "SK",
    "state": "Sikkim",
    "districts": [
      "East Sikkim",
      "North Sikkim",
      "South Sikkim",
      "West Sikkim"
    ]
  },
  {
    "code": "TN",
    "state": "Tamil Nadu",
    "districts": [
      "Ariyalur",
      "Chennai",
      "Coimbatore",
      "Cuddalore",
      "Dharmapuri",
      "Dindigul",
      "Erode",
      "Kanchipuram",
      "Kanyakumari",
      "Karur",
      "Krishnagiri",
      "Madurai",
      "Nagapattinam",
      "Namakkal",
      "Nilgiris",
      "Perambalur",
      "Pudukkottai",
      "Ramanathapuram",
      "Salem",
      "Sivaganga",
      "Thanjavur",
      "Theni",
      "Thoothukudi (Tuticorin)",
      "Tiruchirappalli",
      "Tirunelveli",
      "Tiruppur",
      "Tiruvallur",
      "Tiruvannamalai",
      "Tiruvarur",
      "Vellore",
      "Viluppuram",
      "Virudhunagar"
    ]
  },
  {
    "code": "TS",
    "state": "Telangana",
    "districts": [
      "Adilabad",
      "Bhadradri Kothagudem",
      "Hyderabad",
      "Jagtial",
      "Jangaon",
      "Jayashankar Bhoopalpally",
      "Jogulamba Gadwal",
      "Kamareddy",
      "Karimnagar",
      "Khammam",
      "Komaram Bheem Asifabad",
      "Mahabubabad",
      "Mahabubnagar",
      "Mancherial",
      "Medak",
      "Medchal",
      "Nagarkurnool",
      "Nalgonda",
      "Nirmal",
      "Nizamabad",
      "Peddapalli",
      "Rajanna Sircilla",
      "Rangareddy",
      "Sangareddy",
      "Siddipet",
      "Suryapet",
      "Vikarabad",
      "Wanaparthy",
      "Warangal (Rural)",
      "Warangal (Urban)",
      "Yadadri Bhuvanagiri"
    ]
  },
  {
    "code": "TR",
    "state": "Tripura",
    "districts": [
      "Dhalai",
      "Gomati",
      "Khowai",
      "North Tripura",
      "Sepahijala",
      "South Tripura",
      "Unakoti",
      "West Tripura"
    ]
  },
  {
    "code": "UK",
    "state": "Uttarakhand",
    "districts": [
      "Almora",
      "Bageshwar",
      "Chamoli",
      "Champawat",
      "Dehradun",
      "Haridwar",
      "Nainital",
      "Pauri Garhwal",
      "Pithoragarh",
      "Rudraprayag",
      "Tehri Garhwal",
      "Udham Singh Nagar",
      "Uttarkashi"
    ]
  },
  {
    "code": "UP",
    "state": "Uttar Pradesh",
    "districts": [
      "Agra",
      "Aligarh",
      "Allahabad",
      "Ambedkar Nagar",
      "Amethi (Chatrapati Sahuji Mahraj Nagar)",
      "Amroha (J.P. Nagar)",
      "Auraiya",
      "Azamgarh",
      "Baghpat",
      "Bahraich",
      "Ballia",
      "Balrampur",
      "Banda",
      "Barabanki",
      "Bareilly",
      "Basti",
      "Bhadohi",
      "Bijnor",
      "Budaun",
      "Bulandshahr",
      "Chandauli",
      "Chitrakoot",
      "Deoria",
      "Etah",
      "Etawah",
      "Faizabad",
      "Farrukhabad",
      "Fatehpur",
      "Firozabad",
      "Gautam Buddha Nagar",
      "Ghaziabad",
      "Ghazipur",
      "Gonda",
      "Gorakhpur",
      "Hamirpur",
      "Hapur (Panchsheel Nagar)",
      "Hardoi",
      "Hathras",
      "Jalaun",
      "Jaunpur",
      "Jhansi",
      "Kannauj",
      "Kanpur Dehat",
      "Kanpur Nagar",
      "Kanshiram Nagar (Kasganj)",
      "Kaushambi",
      "Kushinagar (Padrauna)",
      "Lakhimpur - Kheri",
      "Lalitpur",
      "Lucknow",
      "Maharajganj",
      "Mahoba",
      "Mainpuri",
      "Mathura",
      "Mau",
      "Meerut",
      "Mirzapur",
      "Moradabad",
      "Muzaffarnagar",
      "Pilibhit",
      "Pratapgarh",
      "RaeBareli",
      "Rampur",
      "Saharanpur",
      "Sambhal (Bhim Nagar)",
      "Sant Kabir Nagar",
      "Shahjahanpur",
      "Shamali (Prabuddh Nagar)",
      "Shravasti",
      "Siddharth Nagar",
      "Sitapur",
      "Sonbhadra",
      "Sultanpur",
      "Unnao",
      "Varanasi"
    ]
  },
  {
    "code": "WB",
    "state": "West Bengal",
    "districts": [
      "Alipurduar",
      "Bankura",
      "Birbhum",
      "Burdwan (Bardhaman)",
      "Cooch Behar",
      "Dakshin Dinajpur (South Dinajpur)",
      "Darjeeling",
      "Hooghly",
      "Howrah",
      "Jalpaiguri",
      "Kalimpong",
      "Kolkata",
      "Malda",
      "Murshidabad",
      "Nadia",
      "North 24 Parganas",
      "Paschim Medinipur (West Medinipur)",
      "Purba Medinipur (East Medinipur)",
      "Purulia",
      "South 24 Parganas",
      "Uttar Dinajpur (North Dinajpur)"
    ]
  }
]